word,SI_t,IR_t,cumulative_importance
suerte,0.006797356531023979,0.005976872243303916,0.005976872243303916
plena,0.006793004460632801,0.0059730454955670255,0.011949917738870941
kr,0.006137772463262081,0.0053969041794339895,0.01734682191830493
dijeron,0.0056011556026836235,0.004925060396539596,0.022271882314844525
aquí,0.005360238254070282,0.004713223308506119,0.026985105623350644
melissa,0.0053051533177495,0.004664787475338155,0.0316498930986888
infancia,0.005099946074187756,0.004484350054912846,0.03613424315360164
gay,0.004910166685779889,0.0043174782491234714,0.04045172140272511
florero,0.004823450464755297,0.0042412292290639015,0.04469295063178901
pinochet,0.004514970147854411,0.003969984453940601,0.048662935085729615
canal,0.004386483691632748,0.003857007132488248,0.05251994221821786
mutuamente,0.004350503006329139,0.003825369545390283,0.056345311763608144
brecha,0.004206899553537369,0.0036990999452720095,0.060044411708880155
retorno,0.004175898618996143,0.003671841021257909,0.06371625273013806
comida,0.004006971129112773,0.003523304156844999,0.06723955688698306
well,0.003955126740038395,0.0034777177162021652,0.07071727460318522
fernando,0.003922549542039633,0.0034490727937834665,0.07416634739696869
exito,0.0038156647235155104,0.0033550896545805025,0.0775214370515492
dejo,0.0037727681919932365,0.0033173710080126335,0.08083880805956183
corta,0.0037065187469124796,0.003259118293500715,0.08409792635306254
minutos,0.003576219081878662,0.0031445466291047178,0.08724247298216725
levanto,0.0035499354513982935,0.0031214356004637487,0.090363908582631
lyrics,0.0034971777349710464,0.003075046076904859,0.09343895465953586
montero,0.003476424142718315,0.003056797575606147,0.09649575223514201
damela,0.003368520876392722,0.0029619189217471426,0.09945767115688915
años,0.003320075772338049,0.0029193214507410533,0.10237699260763021
pega,0.003266998566687107,0.002872651002345512,0.10524964360997573
programa,0.003262244042984787,0.0028684703799790336,0.10811811398995476
masculi,0.003249356523156166,0.002857138465992008,0.11097525245594676
women,0.0032461071386933327,0.0028542813029588357,0.1138295337589056
hijos,0.0032400189644911075,0.0028489280102139873,0.11667846176911958
comisión,0.003192855873041683,0.0028074578047148496,0.11948591957383443
cambiado,0.0031158939935266973,0.0027397857149302164,0.12222570528876466
familia,0.0030981487340547825,0.0027241824214581383,0.12494988771022279
quieres,0.003076277518024047,0.0027049512006997777,0.12765483891092258
realidad,0.0030664103105664253,0.0026962750281166255,0.1303511139390392
ido,0.003060215152800083,0.0026908276654062043,0.1330419416044454
molineaux,0.0030410833035906157,0.0026740051524217464,0.13571594675686716
ayudo,0.0030019301921129227,0.002639578071223056,0.13835552482809022
pagarle,0.002990306820720434,0.002629357714893018,0.14098488254298322
and,0.0029616300016641617,0.0026041423708013257,0.14358902491378456
malamalamente,0.0029185859279500116,0.002566293991325183,0.14615531890510974
sorayalaracaba,0.0029056324856355786,0.0025549041121168447,0.14871022301722658
diferenciar,0.002876254419485728,0.002529072165928414,0.151239295183155
mas,0.0028224382549524307,0.002481751955700794,0.1537210471388558
da,0.0028063523510207583,0.0024676077229716653,0.15618865486182745
contenido,0.0027657956816256046,0.0024319465022482273,0.1586206013640757
ml,0.0027127574818829694,0.002385310351499076,0.16100591171557477
comerme,0.0027092210948467255,0.0023822008289336436,0.1633881125445084
horrenda,0.002675139345228672,0.0023522329638723284,0.16574034550838074
olvidaban,0.0026730637066066268,0.0023504078680706576,0.1680907533764514
vez,0.002647254802286625,0.002327714263114634,0.17041846763956603
quedara,0.00264246577086548,0.0023235032983310875,0.17274197093789712
ahí,0.0025582900270819664,0.0022494881037061036,0.1749914590416032
xi,0.002554305274749086,0.0022459843363950714,0.1772374433779983
especialmente,0.0025435909628868103,0.002236563310311849,0.17947400668831015
francia,0.0025206899270415308,0.002216426575558885,0.18169043326386902
terf,0.002513734597919716,0.0022103107990240683,0.18390074406289308
gracias,0.0025103818625211716,0.0022073627601723114,0.1861081068230654
esperan,0.002499223624666532,0.0021975513927954215,0.18830565821586082
they,0.002481084316968918,0.002181601615231777,0.1904872598310926
medellín,0.0024732944058875246,0.0021747519961029757,0.19266201182719558
costado,0.0024550779179359477,0.0021587343544342873,0.19482074618162987
chicas,0.002452263572356767,0.0021562597183167765,0.19697700589994666
awebooooo,0.0024374718839923542,0.0021432534810812637,0.19912025938102793
delictiva,0.0024313081469800736,0.0021378337464394827,0.2012580931274674
davidcerdag,0.0024221005907747897,0.0021297376009951695,0.20338783072846256
jperez,0.002420834420869748,0.002128624265873463,0.20551645499433602
mzc,0.0024104919432411114,0.0021195301912602725,0.20763598518559628
especie,0.0024042709730565546,0.00211406013185515,0.20975004531745142
sandiaplay,0.0023995591909624636,0.002109917091912176,0.2118599624093636
problema,0.002388522354885936,0.002100212472344463,0.21396017488170807
golpeado,0.0023774496235308192,0.002090476290287232,0.2160506511719953
amigos,0.0023760731952885785,0.0020892660057128688,0.21813991717770817
bastardo,0.0023736092261970043,0.0020870994534061636,0.22022701663111433
china,0.002355168606819851,0.002070884734404505,0.22229790136551883
superadlo,0.002332230864299668,0.0020507157237064184,0.22434861708922524
zorra,0.002328235127676565,0.0020472022979790526,0.2263958193872043
indígena,0.002326624822758493,0.0020457863671353264,0.2284416057543396
kyocr,0.002310911426320672,0.00203196967786964,0.23047357543220925
incurrir,0.0023093239093820253,0.0020305737843508776,0.23250414921656012
sexo,0.0023021354184796414,0.002024252990149543,0.23452840220670967
novela,0.0022952097157637277,0.002018163263924474,0.23654656547063416
yositecreo,0.0022774465622849203,0.0020025442363662657,0.2385491097070004
machismo,0.0022466806694865227,0.001975491983057507,0.24052460169005793
vamos,0.002245197796174103,0.0019741881020118555,0.2424987897920698
nadie,0.002236688953686368,0.001966706331082896,0.2444654961231527
america,0.002228881341246949,0.001959841147262884,0.24642533727041557
junto,0.002228881341246949,0.001959841147262884,0.24838517841767846
causas,0.0022149868752984773,0.001947623831975107,0.25033280224965354
youtube,0.0022100601345300674,0.0019432917802408385,0.25227609402989437
ello,0.0022031471598893404,0.0019372132457311,0.25421330727562547
devuelvo,0.0021956302225589752,0.0019306036506805155,0.256143910926306
depende,0.002186061814427376,0.0019221902104389536,0.25806610113674494
ninguna,0.002185783082885402,0.001921945123571882,0.2599880462603168
espectáculo,0.002168329639567269,0.0019065984221825832,0.2618946446824994
ídola,0.002164929018666347,0.0019036082779140054,0.2637982529604134
cis,0.002159617530802886,0.0018989379205130257,0.26569719088092647
justificación,0.0021579264384676135,0.0018974509538086277,0.2675946418347351
damas,0.0021525373061498008,0.001892712324134163,0.26948735415886926
aunque,0.002151376257340113,0.0018916914213211254,0.2713790455801904
perez,0.002143911515864042,0.0018851277217523097,0.2732641733019427
resultado,0.0021430243737995624,0.0018843476633933203,0.275148520965336
alta,0.0021246584753195443,0.0018681986459999336,0.2770167196113359
chavira,0.002122747378113369,0.0018665182304157706,0.2788832378417517
víctimas,0.0021196095583339535,0.0018637591654971537,0.2807469970072488
pobres,0.0021159134805202482,0.0018605092278496285,0.28260750623509845
perder,0.0021136775612831116,0.0018585431983253985,0.28446604943342385
así,0.0021017155718679233,0.0018480250973277503,0.2863140745307516
masculinidad,0.002090036403387785,0.0018377556789744226,0.288151830209726
maja,0.0020827180705964565,0.0018313207156282875,0.2899831509253543
lgtbiq,0.002081925282254815,0.0018306236218959895,0.2918137745472503
año,0.0020637674412379665,0.00181465754810295,0.2936284320953533
consecutivo,0.0020556127031644187,0.001807487138926861,0.29543591923428014
conversando,0.002052598943312963,0.0018048371591116291,0.29724075639339176
patrocinio,0.0020421920344233513,0.0017956864305016143,0.29903644282389336
llamen,0.002042107190936804,0.001795611828165036,0.30083205465205837
consonancia,0.002040145763506492,0.0017938871575358024,0.3026259418095942
desgobierno,0.002037214891364177,0.0017913100603545492,0.3044172518699487
apuntaba,0.0020180069324043062,0.0017744206245519992,0.30619167249450074
puede,0.0020127535773194066,0.0017698013829324302,0.30796147387743317
beltrame,0.002009901847167496,0.0017672938747985616,0.30972876775223174
altanera,0.0020078802749944422,0.001765516319280646,0.31149428407151236
margelich,0.0020077284425497055,0.0017653828139803961,0.3132596668854928
saltaste,0.0020040952201400486,0.0017621881446887506,0.31502185503018154
ciberdelito,0.0020035323842118183,0.0017616932466468986,0.3167835482768284
frígida,0.0020012368211552263,0.0017596747726926374,0.31854322304952104
adentro,0.0019872721417673995,0.0017473957191754658,0.3202906187686965
sexismo,0.001966035560083886,0.0017287225283508369,0.32201934129704735
hajaj,0.0019618344182769456,0.0017250284911554238,0.32374436978820276
evitar,0.0019544069241318436,0.001718497542927161,0.32546286733112995
presenta,0.0019532636118431883,0.0017174922357239412,0.3271803595668539
oye,0.0019489298574626446,0.001713681593138379,0.32889404115999227
vueling,0.0019464595711130486,0.0017115094861069873,0.33060555064609926
cosas,0.0019437428563833237,0.0017091206961727008,0.33231467134227194
totallynotbloo,0.0019429841001207633,0.0017084535266304777,0.3340231248689024
atlas,0.001935221538255052,0.0017016279554925887,0.335724752824395
re,0.0019324379041790961,0.0016991803238039815,0.337423933148199
sombra,0.001931270190442984,0.0016981535605636482,0.33912208670876265
meritocracia,0.001930564209552748,0.001697532796069702,0.34081961950483236
iglesias,0.0019302185780058305,0.0016972288844549805,0.34251684838928736
salen,0.0019296151585876942,0.0016966983016093006,0.34421354669089665
patriarcado,0.0019282341236248612,0.0016954839663749026,0.3459090306572716
accidentalmente,0.0019258592898646991,0.0016933957901965912,0.3476024264474682
absoluta,0.0019131011019150417,0.0016821775969058422,0.34928460404437406
centrada,0.0019042475947311944,0.0016743927645079075,0.350958996808882
libre,0.0018993160790867275,0.001670056514255577,0.35262905332313754
tratar,0.0018979207450298197,0.0016688296059189603,0.3542978829290565
excepto,0.0018929754212510565,0.0016644812142622132,0.3559623641433187
principal,0.0018922255840152502,0.0016638218871633283,0.3576261860304821
hacer,0.0018845915897852845,0.0016571093647275291,0.3592832953952096
am,0.0018776316816608112,0.0016509895619048803,0.3609342849571145
poveda,0.001864714509186645,0.001639631574535755,0.3625739165316503
engaña,0.0018508859211578965,0.0016274721852826122,0.36420138871693286
hablan,0.0018394100479781628,0.0016173815231902867,0.36581877024012316
invitación,0.0018374322810106808,0.001615642485310235,0.36743441272543337
espacios,0.0018342332914471626,0.0016128296341906057,0.369047242359624
machista,0.001824783042649783,0.0016045200906979877,0.370651762450322
xd,0.0018225946851695577,0.0016025958819232548,0.37225435833224524
juventud,0.0018195093738407027,0.0015998829873503102,0.37385424131959555
salir,0.001807156034434835,0.0015890207748019388,0.3754432620943975
edición,0.0018007991879823663,0.0015834312402610777,0.37702669333465855
laburo,0.0017950067995116115,0.0015783380300233513,0.3786050313646819
paridad,0.0017943023703992367,0.0015777186299977808,0.38018274999467966
tweet,0.0017920766905364064,0.00157576160389007,0.3817585115985697
méscirc,0.0017820669010027565,0.0015669600597968735,0.3833254716583666
erradicación,0.0017767754486865469,0.0015623073195248026,0.3848877789778914
inició,0.0017737802118062973,0.0015596736268400102,0.3864474526047314
va,0.0017657569842413068,0.0015526188540153046,0.3880000714587467
lola,0.001761452838157614,0.001548834245816318,0.389548905704563
avance,0.0017518382519483566,0.0015403802014856013,0.39108928590604863
hermanas,0.0017506280448287724,0.0015393160740842097,0.39262860198013283
frigida,0.0017506241288390897,0.0015393126307794583,0.3941679146109123
mesa,0.0017480886696527402,0.0015370832176883902,0.3957049978286007
brillante,0.0017425923142582178,0.0015322503074464574,0.39723724813604716
agarro,0.0017291340045630932,0.0015204165015703867,0.3987576646376175
fortuna,0.0017269247655002844,0.0015184739317532735,0.4002761385693708
maria,0.001722096051606867,0.001514228074424958,0.40179036664379575
leyendo,0.0017187747483452163,0.0015113076736506933,0.40330167431744646
llores,0.0016963258385658264,0.0014915684904637468,0.4047932428079102
johannes,0.0016944920644164085,0.001489956064550214,0.4062831988724604
supone,0.001692180521786213,0.0014879235398588032,0.4077711224123192
dieron,0.0016820730331043403,0.001479036089527712,0.40925015850184693
par,0.0016779854893684387,0.0014754419383916203,0.41072560044023854
clase,0.0016735201805002159,0.0014715156207841136,0.41219711606102266
fascista,0.0016707191243767738,0.0014690526700002718,0.4136661687310229
cuqndo,0.0016506445007743661,0.0014514011815052394,0.41511756991252813
deberían,0.0016481501217453908,0.0014492078899345357,0.41656677780246265
ej,0.0016363970935344696,0.0014388735271910179,0.41800565132965367
papel,0.0016310808714479208,0.0014341990070178723,0.4194398503366715
campesina,0.0016244205486292788,0.0014283426276438472,0.4208681929643154
encuentro,0.0016235234215855598,0.0014275537895562982,0.42229574675387166
detectada,0.0016219926175552529,0.0014262077633361168,0.4237219545172078
camino,0.0016218561213463545,0.001426087743090223,0.425148042260298
queja,0.0016206592166175446,0.001425035312396195,0.4265730775726942
sosnicaragua,0.0016152239684015513,0.0014202561333065931,0.4279933337060008
secoweedcodein,0.0016113415360450745,0.0014168423352982024,0.429410176041299
pudiese,0.0016049309929330197,0.0014112055856270516,0.43082138162692607
trabajo,0.0016043065447748472,0.0014106565123443823,0.43223203813927047
orlandodlacruz,0.0016036464956899483,0.0014100761353939097,0.43364211427466437
aventura,0.0016005758329161576,0.0014073761212020028,0.4350494903958664
mpsicortsex,0.0016000138533612093,0.0014068819761637156,0.4364563723720301
taylor,0.0015989959938451648,0.0014059869787832982,0.4378623593508134
pensar,0.0015976503491401672,0.0014048037619768911,0.4392671631127903
boca,0.0015839453106029676,0.0013927530090036527,0.44065991612179395
dias,0.0015788604505360126,0.001388281923978679,0.4420481980457726
mayoría,0.0015788506716489792,0.0013882733254656815,0.4434364713712383
serie,0.001576344482600689,0.0013860696494203202,0.44482254102065866
ir,0.001574342604726553,0.0013843094109738303,0.4462068504316325
nunez,0.001573973054820228,0.0013839844680982362,0.4475908348997307
aprobación,0.001563675232441952,0.0013749296585618708,0.4489657645582926
asesinato,0.0015603628319998581,0.0013720170859800591,0.4503377816442727
idea,0.001559151802212,0.0013709522352117012,0.4517087338794844
carlosfidalgog,0.0015554961127539474,0.0013677378107876993,0.4530764716902721
na,0.0015490342509248928,0.001362055936896008,0.45443852762716813
tw,0.0015468779020011425,0.0013601598730408288,0.45579868750020897
candidatos,0.0015397278281549611,0.001353872858711984,0.45715256035892093
https,0.001536190112431103,0.0013507621678400072,0.45850332252676096
procuren,0.001516367355361581,0.0013333321439809034,0.45983665467074186
quejar,0.0015123113989830017,0.0013297657674066368,0.4611664204381485
abrirse,0.0015100904429952303,0.0013278128949721362,0.4624942333331206
persona,0.0015098470917326353,0.0013275989177590625,0.4638218322508797
redes,0.00150895188562572,0.001326811768738993,0.4651486440196187
sociales,0.00150895188562572,0.001326811768738993,0.4664754557883577
construcción,0.0015073437243700027,0.0013253977228039027,0.4678008535111616
debemos,0.0015072021633386612,0.0013252732490919388,0.4691261267602535
cachorra,0.001502553613967875,0.00132118580927926,0.47044731256953276
toda,0.0015020256487096285,0.0013207215727951151,0.4717680341423279
arabia,0.001500878594099329,0.0013197129749923425,0.4730877471173202
señora,0.0015006000564123192,0.0013194680585807044,0.4744072151759009
wero,0.001494930312037468,0.0013144826885142658,0.47572169786441515
viene,0.0014945428649132903,0.0013141420087291647,0.4770358398731443
chica,0.0014939859874508036,0.0013136523499282372,0.47834949222307255
jajajaa,0.0014937695943646962,0.0013134620768678062,0.4796629542999404
co,0.0014884301796758057,0.0013087671635873474,0.48097172146352773
dispositivo,0.0014807344593394261,0.0013020003657798756,0.4822737218293076
navarra,0.0014786585234105587,0.0013001750085582123,0.48357389683786584
lindas,0.0014751004055142403,0.001297046378186119,0.48487094321605195
diario,0.0014738491736352444,0.0012959461779754378,0.4861668893940274
trata,0.0014735758304595947,0.0012957058290645074,0.48746259522309193
prendida,0.0014714554567128802,0.0012938413979530414,0.48875643662104495
repente,0.0014696954749524593,0.0012922938572164963,0.4900487304782615
mazamorra,0.0014662924777006819,0.001289301623437768,0.49133803210169924
bby,0.0014636909177938066,0.0012870140884047407,0.492625046190104
circsocial,0.0014634962814549606,0.0012868429459134093,0.4939118891360174
rumor,0.0014632693491876125,0.0012866434058181337,0.49519853254183555
empoderada,0.0014620084936420124,0.0012855347435787885,0.49648406728541433
naaaa,0.0014604701704922177,0.0012841821058447995,0.49776824939125913
ustedes,0.0014601735398173334,0.0012839212803843227,0.4990521706716435
cierta,0.001459338003769517,0.0012831865988666355,0.5003353572705102
manera,0.001459338003769517,0.0012831865988666355,0.5016185438693768
vas,0.0014591092753800609,0.0012829854794526461,0.5029015293488294
señorita,0.0014585344586521389,0.0012824800467700404,0.5041840093955994
aprende,0.0014569166944258742,0.0012810575570041968,0.5054650669526036
mejores,0.0014509865677812034,0.001275843234468658,0.5067409101870722
biografía,0.0014495630515739323,0.0012745915457469763,0.5080155017328192
eurovisión,0.0014495194191113114,0.0012745531800008873,0.5092900549128201
considerarlo,0.0014462859835475683,0.0012717100407329614,0.5105617649535531
criticar,0.0014418615859800152,0.0012678196961711959,0.5118295846497243
viajo,0.001440127659802495,0.0012662950659425094,0.5130958797156668
juego,0.0014297803863883018,0.0012571967744256672,0.5143530764900925
dos,0.0014280809283993402,0.0012557024518553377,0.5156087789419479
haz,0.0014279050408818183,0.0012555477950830143,0.5168643267370309
ultraderecha,0.0014267021583186255,0.0012544901081173404,0.5181188168451482
situaciones,0.0014261406225462754,0.0012539963532942613,0.5193728131984424
volvemos,0.0014257480183409322,0.0012536511389205837,0.520626464337363
quiere,0.0014239519989738862,0.0012520719105463857,0.5218785362479095
protestar,0.0014210461993657407,0.001249516859484512,0.523128053107394
pruebas,0.0014148051850497723,0.0012440291754024831,0.5243720822827964
tío,0.0014139904729312375,0.0012433128042329956,0.5256153950870294
arisa,0.0014121176054080328,0.0012416660037652349,0.5268570610907946
hijo,0.0014093827921897173,0.001239261299945365,0.5280963223907399
demás,0.001397397555410862,0.001228722757689119,0.529325045148429
chingues,0.0013923760582662485,0.0012243073872776232,0.5305493525357067
vargas,0.001391926407814026,0.0012239120125029132,0.5317732645482096
admiradores,0.0013896500496985086,0.0012219104253308475,0.5329951749735404
tirar,0.0013888049870729446,0.0012211673671541085,0.5342163423406946
lucha,0.0013837983003920978,0.0012167650194889398,0.5354331073601836
mayor,0.00137541014701128,0.0012093893697219216,0.5366424967299055
moral,0.0013748180742065113,0.001208868763881006,0.5378513654937865
español,0.0013719468732320125,0.001206344135177023,0.5390577096289636
andre,0.0013678703839198137,0.0012027597041251866,0.5402604693330888
escolar,0.001361941732466221,0.0011975466787157538,0.5414580160118045
pues,0.001361450611537502,0.0011971148392155644,0.5426551308510201
europa,0.0013588592410087585,0.0011948362636377391,0.5438499671146578
pablo,0.0013479729338238637,0.0011852640031643467,0.5450352311178221
culpa,0.001344703965716892,0.0011823896203577908,0.5462176207381799
tan,0.001339520559764847,0.0011778318845645961,0.5473954526227445
cabeza,0.001336748950139043,0.001175394825898314,0.5485708474486428
v,0.0013331251795448008,0.0011722084675276777,0.5497430559161705
sentimientos,0.0013292408548295498,0.0011687930055802865,0.5509118489217507
womenempowerment,0.0013136936991941183,0.0011551224907918355,0.5520669714125426
mala,0.0013096861644751497,0.001151598691074025,0.5532185701036166
copia,0.0013096861644751497,0.001151598691074025,0.5543701687946907
extravagancia,0.0013095801613027497,0.0011515054831606358,0.5555216742778514
david,0.0013060374185442924,0.0011483903720491992,0.5566700646499005
corazones,0.001305721966283662,0.0011481129968884222,0.557818177646789
debo,0.0013030278496444225,0.001145744077310966,0.5589639217240999
personaje,0.0012988334659624983,0.0011420559824917755,0.5601059777065917
jovenes,0.0012987297462920347,0.0011419647824470744,0.5612479424890388
involucra,0.0012985726564445279,0.0011418266543461013,0.5623897691433849
medios,0.0012970170937478542,0.0011404588579884978,0.5635302280013734
sorpresa,0.0012930571101605892,0.0011369768696775067,0.5646672048710509
habladora,0.0012923686235508584,0.0011363714877928278,0.5658035763588437
materia,0.0012918810825794935,0.0011359427961263064,0.56693951915497
vive,0.00128708899553333,0.0011317291445511702,0.5680712482995212
bolsonaro,0.0012866931346555551,0.001131381066606195,0.5692026293661273
chinos,0.0012854520796931215,0.0011302898148933375,0.5703329191810207
móvil,0.0012817622729553245,0.0011270453913628604,0.5714599645723836
averiguarlo,0.0012802124496490237,0.0011256826416146052,0.5725856472139982
imperio,0.0012801675125956534,0.0011256431287501912,0.5737112903427484
loco,0.0012781064233018291,0.0011238308260800274,0.5748351211688284
evidenciar,0.0012773482594639063,0.0011231641774530096,0.5759582853462815
estudios,0.0012719508570929368,0.0011184182759735517,0.577076703622255
piensan,0.0012702340260148048,0.0011169086773567224,0.5781936122996117
mañana,0.00126835815453281,0.001115259235527157,0.5793088715351389
pobre,0.0012675927331050236,0.0011145862053476621,0.5804234577404865
vanessarosales,0.0012663390176991625,0.0011134838213876486,0.5815369415618742
plaimpulscirc,0.001266161961873778,0.001113328137329673,0.5826502696992039
climático,0.00126220906774203,0.0011098523827317006,0.5837601220819355
puntos,0.001261556038766035,0.0011092781785182121,0.5848694002604538
piña,0.0012600423768162727,0.0011079472252201194,0.5859773474856739
salió,0.0012586661614477634,0.00110673712782427,0.5870840846134981
parecido,0.001257261261343956,0.0011055018081236282,0.5881895864216218
gob,0.0012547019928789292,0.0011032514596856777,0.5892928378813075
candidata,0.0012526698410511017,0.001101464601544798,0.5903943024828523
cualquiera,0.001249560482046079,0.0010987305620035785,0.5914930330448559
hola,0.00124667355687254,0.0010961921071116704,0.5925892251519675
uwu,0.0012429259562244017,0.0010928968657644476,0.593682122017732
momento,0.0012417668715501444,0.0010918776900031661,0.5947739997077351
digitales,0.0012413198128342628,0.0010914845941256903,0.5958654843018608
tho,0.0012397270184010267,0.001090084060139596,0.5969555683620004
monedero,0.0012378165705336465,0.001088404215514894,0.5980439725775153
womeninspiringwomen,0.0012372476514855284,0.0010879039686245236,0.5991318765461399
necesario,0.0012363055720925331,0.001087075604222968,0.6002189521503628
gritó,0.0012288225265458608,0.0010804958100016184,0.6012994479603644
discurso,0.0012240833602845669,0.0010763286913350824,0.6023757766516995
enamorada,0.0012238215034206708,0.0010760984422648156,0.6034518750939644
puedas,0.0012193933709217985,0.0010722048136017634,0.6045240799075662
oficial,0.001216068464730467,0.0010692812447944105,0.6055933611523606
saudí,0.0012144456796634655,0.0010678543402353304,0.606661215492596
barcelona,0.0012123441168417533,0.0010660064494502405,0.6077272219420462
autoestima,0.0012071428820490838,0.001061433036871199,0.6087886549789174
checa,0.00120092184903721,0.0010559629222224177,0.6098446179011399
bien,0.001200916946843444,0.001055958611754706,0.6109005765128945
queda,0.001195437807057585,0.0010511408390876675,0.6119517173519822
weblucesazules,0.001193703026968661,0.00104961545802013,0.6130013328100024
cosa,0.001191793770218889,0.0010479366607375436,0.6140492694707399
destaca,0.0011856099590659142,0.001042499275031886,0.6150917687457718
tristeza,0.001183628725508849,0.0010407571890017244,0.6161325259347735
guerra,0.0011795330792665482,0.0010371559133834345,0.6171696818481569
poderoso,0.0011792326346039771,0.001036891734307911,0.6182065735824648
autorizado,0.0011791080339915222,0.0010367821737840984,0.6192433557562489
santiago,0.0011762052308768034,0.0010342297575197826,0.6202775855137687
ademanes,0.0011754799116816788,0.0010335919889776898,0.6213111775027463
hablando,0.0011750433582048386,0.0010332081302898992,0.6223443856330363
etc,0.0011740416909257572,0.0010323273706401672,0.6233767130036765
privilegio,0.0011730221203631822,0.001031430868747449,0.6244081438724239
funcionara,0.0011711722860733669,0.0010298043212548984,0.6254379481936788
oportunidades,0.0011698354079964616,0.0010286288128886583,0.6264665770065675
efectiva,0.0011619495724638303,0.0010216948480017017,0.6274882718545692
duda,0.0011558711147782478,0.0010163500989279642,0.6285046219534972
tener,0.0011538922967405147,0.0010146101368485446,0.6295192320903458
womenempoweringwomen,0.001153704997462531,0.0010144454457880327,0.6305336775361338
nací,0.0011445530224591493,0.0010063981725400481,0.6315400757086738
gratificante,0.0011437986007270713,0.001005734814322832,0.6325458105229966
ahora,0.001143779911168714,0.0010057183807133728,0.63355152890371
advancedyogurt,0.0011436006364723046,0.0010055607456162575,0.6345570896493263
voten,0.0011425969952886753,0.0010046782503248463,0.6355617678996511
ergo,0.0011390112340450287,0.0010015253133337603,0.6365632932129849
nuevas,0.0011364715062968788,0.0009992921469235264,0.6375625853599084
bomba,0.001133185441550963,0.0009964027311513918,0.6385589880910598
forma,0.0011324722075923568,0.0009957755890806885,0.6395547636801405
veces,0.0011315288798262675,0.0009949461269926334,0.6405497098071331
tonta,0.0011297145392745733,0.0009933507889176292,0.6415430605960507
coche,0.0011294350870663212,0.0009931050683732957,0.642536165664424
eligió,0.0011262734551179818,0.0009903250655664214,0.6435264907299904
uff,0.0011192082117001216,0.0009841126420921398,0.6445106033720825
gubbarcelona,0.0011155549082018082,0.0009809003156273184,0.6454915036877099
competente,0.0011134826179061618,0.000979078163987694,0.6464705818516976
rae,0.00111338352629294,0.0009789910333642072,0.6474495728850618
conoces,0.0011118046163270871,0.0009776027079017263,0.6484271755929635
carrera,0.0011075856164097786,0.000973892968183768,0.6494010685611472
gustaría,0.0011061127918461958,0.0009725979229388766,0.6503736664840861
hecho,0.0011053309509796755,0.0009719104552516283,0.6513455769393377
instruyase,0.0011040152360995612,0.0009707535555493447,0.652316330494887
asesinar,0.001100109683142768,0.0009673194277445619,0.6532836499226315
visto,0.0010931546079172266,0.0009612038744591193,0.6542448537970906
construir,0.001088436194030302,0.0009570550032230048,0.6552019088003136
razón,0.0010876191242641074,0.0009563365589889674,0.6561582453593026
hermano,0.0010843688452785666,0.0009534786094076842,0.6571117239687102
amé,0.0010814019478857517,0.0009508698354534401,0.6580625938041637
rebelde,0.0010812392458319662,0.0009507267725752815,0.6590133205767389
ina,0.001080470470090707,0.0009500507929693441,0.6599633713697083
sabés,0.0010767380958275191,0.0009467689400852922,0.6609101403097936
diputada,0.00107501529985004,0.0009452540965705121,0.6618553944063641
decir,0.0010712705612278136,0.0009419613717844191,0.6627973557781485
día,0.001066981472577604,0.000938190003490656,0.6637355457816391
indiferente,0.0010639869918425877,0.0009355569756795444,0.6646711027573187
quiso,0.0010602232068777084,0.0009322475035658368,0.6656033502608845
fluido,0.001058820936113897,0.0009310144958270829,0.6665343647567116
punto,0.001058771119763454,0.0009309706926278736,0.6674653354493394
famoso,0.001058122143149376,0.0009304000516303722,0.6683957355009698
comenzando,0.001054808497428894,0.0009274863840832166,0.669323221885053
rareza,0.0010538138560063782,0.000926611802224351,0.6702498336872773
acción,0.001052248380368664,0.0009252352894809165,0.6711750689767583
cuenta,0.0010516786992195108,0.0009247343724799665,0.6720998033492382
aliado,0.0010484723219027123,0.0009219150253559979,0.6730217183745942
reniega,0.001046577716867129,0.0009202491112322472,0.6739419674858265
gt,0.0010464614153736166,0.0009201468480707879,0.6748621143338972
derecho,0.001039812595058137,0.0009143005827744289,0.6757764149166716
expresión,0.0010372923524488533,0.0009120845495225213,0.6766884994661941
sonar,0.0010366190033088449,0.0009114924779184204,0.6775999919441126
salvaron,0.0010292098158970475,0.0009049776266839896,0.6785049695707965
parricidio,0.0010233887781699498,0.0008998592253378894,0.6794048287961344
resulta,0.0010206700531226812,0.0008974686677442087,0.6803022974638786
luis,0.0010171920763688128,0.0008944105049675211,0.6811967079688461
inclusiva,0.0010163539037522343,0.0008936735051317378,0.6820903814739778
española,0.0010157361560102019,0.0008931303234822443,0.6829835117974601
si,0.0010069235907311101,0.0008853814910400283,0.6838688932885001
toma,0.0010051534045487642,0.0008838249776203696,0.6847527182661205
fondo,0.001004004431888461,0.0008828146932884622,0.6856355329594089
online,0.001001020660623908,0.0008801910822464227,0.6865157240416554
entiendas,0.0009950347141259247,0.0008749276776698925,0.6873906517193253
sospechoso,0.0009950160747393966,0.0008749112881762028,0.6882655630075015
resolver,0.0009942757636856507,0.0008742603373884443,0.68913982334489
patético,0.0009939526207745075,0.0008739761998877237,0.6900137995447777
música,0.0009885252763827642,0.0008692039705803734,0.690883003515358
hombre,0.000979942036760499,0.0008616567827255361,0.6917446602980836
empresas,0.0009790587316577633,0.0008608800981825356,0.6926055403962661
cómo,0.0009765460324072681,0.0008586706977578983,0.693464211094024
reformas,0.0009732581342437438,0.0008557796698733541,0.6943199907638974
pabloechenique,0.000973122533954059,0.0008556604374035107,0.6951756512013009
sector,0.0009713366705303391,0.0008540901390855034,0.6960297413403864
cisgenero,0.0009705521865660137,0.0008534003473392129,0.6968831416877256
coeducación,0.0009665927125347985,0.0008499188070776065,0.6977330604948032
lado,0.0009569634181948808,0.0008414518299814106,0.6985745123247846
copred,0.0009567357821478731,0.0008412516710571691,0.6994157639958418
empowerwomen,0.0009529104048851878,0.0008378880412288445,0.7002536520370707
popcol,0.0009521506726741791,0.0008372200135413756,0.701090872050612
largay,0.0009517767466604711,0.0008368912227824709,0.7019277632733946
muchísima,0.0009501961370309195,0.0008355014028165404,0.7027632646762111
lucesazuleslive,0.0009488139909749128,0.0008342860906050012,0.7035975507668161
the,0.0009477628572356133,0.0008333618354123032,0.7044309126022283
hogar,0.0009449667010742886,0.0008309031931338985,0.7052618157953623
ansiedad,0.0009436674623025787,0.0008297607807686482,0.706091576576131
nicaragua,0.0009425664320588112,0.0008287926518978178,0.7069203692280288
falso,0.0009401957504451275,0.0008267081266754219,0.7077470773547042
etapa,0.0009397855346910974,0.0008263474265793127,0.7085734247812835
menores,0.0009396251213426392,0.0008262063761451507,0.7093996311574287
pidiendo,0.0009394102287213617,0.0008260174224338745,0.7102256485798625
debe,0.0009389321940640608,0.0008255970896086771,0.7110512456694712
oea,0.0009384426022214548,0.0008251665946241543,0.7118764122640954
dando,0.0009374952823337581,0.0008243336222890323,0.7127007458863844
negacionismo,0.0009346952894702554,0.0008218716064228736,0.7135226174928073
gente,0.000934150851362561,0.000821392885467275,0.7143440103782746
hambre,0.0009332074783742427,0.0008205633836156026,0.7151645737618901
womensupportingwomen,0.0009326329350243419,0.0008200581913125471,0.7159846319532027
llegue,0.0009320005774497986,0.0008195021633305102,0.7168041341165332
empadronar,0.0009319894875044979,0.0008194924120123404,0.7176236265285455
residencia,0.0009318849049685966,0.0008194004532555634,0.7184430269818011
madrid,0.0009315612001551521,0.0008191158216777332,0.7192621428034788
imposible,0.0009264947070429723,0.0008146608865989465,0.7200768036900778
dejen,0.0009198272523159782,0.0008087982361833954,0.7208856019262612
siempre,0.0009180540151289131,0.0008072390400347469,0.7216928409662959
meter,0.0009178553840943746,0.0008070643850329718,0.7224999053513289
populares,0.0009172221434048632,0.000806507580533576,0.7233064129318625
franciamarquezm,0.0009130340708153589,0.0008028250350176975,0.7241092379668802
fuerte,0.0009123275965629589,0.0008022038367135469,0.7249114418035938
checking,0.0009122734190896153,0.000802156198806787,0.7257135980024005
reconociendolo,0.0009082775563001632,0.0007986426621421551,0.7265122406645427
topas,0.000905527201636384,0.0007962242928284144,0.7273084649573711
género,0.0009032593054183522,0.0007942301461488366,0.72810269510352
genero,0.0009023828199133277,0.0007934594580346074,0.7288961545615547
empatia,0.0008993597390751045,0.000790801282335161,0.7296869558438898
falocentrismo,0.0008991875685751439,0.0007906498939126715,0.7304776057378024
puta,0.0008984969682165016,0.0007900426534220564,0.7312676483912245
mujeres,0.0008978783966054132,0.0007894987473497568,0.7320571471385743
cualquier,0.0008908331394195557,0.0007833038976418004,0.7328404510362161
saca,0.0008905092254281044,0.0007830190821350828,0.7336234701183512
parezca,0.0008887910128881533,0.0007815082688076874,0.7344049783871589
jajajaj,0.0008881833637133241,0.0007809739667639256,0.7351859523539228
mujer,0.0008875865857253259,0.0007804492236854065,0.7359664015776082
menos,0.0008858102244428463,0.0007788872805395858,0.7367452888581477
resquicio,0.0008840239917238552,0.000777316657502602,0.7375226055156503
q,0.0008826392493640253,0.0007760990623776707,0.7382987045780279
diversidad,0.0008775076261138852,0.000771586858783984,0.7390702914368119
digital,0.0008722958376719838,0.0007670041664484858,0.7398372956032604
aun,0.0008680476227177765,0.0007632687381349197,0.7406005643413953
lucesazules,0.0008646646747365594,0.0007602941335519186,0.7413608584749473
gusta,0.0008639641315193982,0.0007596781503692245,0.7421205366253165
kkkast,0.0008612257029329027,0.0007572702675791733,0.7428778068928957
funcional,0.0008602872038383899,0.0007564450513112377,0.743634251944207
mitad,0.0008587368443687126,0.0007550818301179451,0.7443893337743249
fin,0.0008577131666243076,0.0007541817168064399,0.7451435154911313
berbere,0.000855722097379766,0.0007524309823190135,0.7458959464734504
llamas,0.0008542442760829415,0.0007511315434784525,0.7466470780169289
nobles,0.000853038936232527,0.0007500716958357976,0.7473971497127647
oración,0.0008519013375809217,0.0007490714125971934,0.7481462211253619
noticias,0.0008424022234976292,0.0007407189021703414,0.7488869400275322
nariz,0.0008406788827135013,0.0007392035796105498,0.7496261436071427
términos,0.0008402722887694836,0.0007388460641488842,0.7503649896712916
debes,0.0008401350739101568,0.0007387254119982523,0.7511037150832899
ck,0.0008384657890668937,0.0007372576204824873,0.7518409727037724
países,0.00083825739455365,0.0007370743805161594,0.7525780470842885
pueden,0.0008328167854675225,0.000732290487647641,0.7533103375719362
gustan,0.0008317738150556883,0.0007313734104167164,0.754041710982353
macho,0.0008311979472637177,0.0007308670535401964,0.7547725780358931
lauraisntmyname,0.0008308620502551397,0.0007305717014429487,0.7555031497373361
canción,0.0008292896114348114,0.0007291890660174536,0.7562323388033536
trans,0.0008282665545359636,0.000728289498611487,0.7569606283019651
participación,0.0008279857491808279,0.0007280425882537293,0.7576886708902189
chivite,0.0008255112916231155,0.0007258668135056455,0.7584145377037245
t,0.0008254148895215922,0.0007257820477526412,0.7591403197514771
comparto,0.0008209302193588681,0.0007218387058823683,0.7598621584573595
marqués,0.0008186455816030502,0.000719829838475395,0.7605819882958349
mostrado,0.0008184932050339523,0.0007196958547300647,0.761301684150565
p,0.0008112308258811633,0.0007133100910614177,0.7620149942416264
días,0.000807904310976014,0.0007103851077222654,0.7627253793493487
javierremirez,0.0008069545307534823,0.0007095499720304152,0.7634349293213791
juntes,0.0008032916479610971,0.0007063292225534146,0.7641412585439326
mty,0.0008026449164996543,0.0007057605557043054,0.7648470190996368
primero,0.0008023995906114578,0.0007055448422155347,0.7655525639418523
hablar,0.0008017391968525319,0.0007049641621953886,0.7662575281040477
ionebelarra,0.0008010440971702338,0.0007043529654781801,0.7669618810695259
covid,0.0007998771939633621,0.0007033269149310386,0.7676652079844569
afectivo,0.0007979591997961203,0.0007016404348929996,0.7683668484193499
dijo,0.0007965553963145653,0.0007004060794453097,0.7690672544987952
tratarse,0.0007964185594270626,0.0007002857596428921,0.7697675402584381
mexicanismo,0.0007945724995067669,0.0006986625309293867,0.7704662027893675
explicable,0.0007942889040956895,0.0006984131672932348,0.7711646159566607
cocodrilohttps,0.0007922424106962152,0.0006966136986998786,0.7718612296553606
hablandohuevadas,0.0007902902335587407,0.0006948971617941374,0.7725561268171548
mra,0.0007897718099965935,0.0006944413152625144,0.7732505681324173
bio,0.0007891415912942883,0.0006938871679771943,0.7739444553003946
bueno,0.0007881070354155132,0.0006929774895915196,0.7746374327899861
nenaza,0.000788022018969059,0.0006929027351723983,0.7753303355251585
ata,0.0007878877377758423,0.0006927846625756659,0.7760231201877342
madre,0.0007868342426116528,0.0006918583309971234,0.7767149785187314
presidente,0.0007853695309900662,0.0006905704194103839,0.7774055489381417
acabar,0.00078229587047528,0.0006878677693239395,0.7780934167074657
comprensión,0.0007786759071879918,0.0006846847586940245,0.7787781014661597
miedo,0.0007786315865814686,0.0006846457878673912,0.7794627472540271
barrios,0.0007750352632931688,0.0006814835637378077,0.7801442308177648
inconsecuente,0.0007728654758206436,0.0006795756834524034,0.7808238065012173
brillan,0.0007694282192027285,0.0006765533256315411,0.7815003598268488
tutorial,0.0007653368770011834,0.0006729558345288362,0.7821733156613777
puesto,0.0007635378278791904,0.0006713739421104374,0.7828446896034882
educación,0.0007560035224915261,0.0006647490754378454,0.7835094386789261
entiendo,0.0007544198694328467,0.0006633565794040941,0.7841727952583302
tiempo,0.0007539796975574324,0.0006629695390815159,0.7848357647974117
odiar,0.0007529946354528269,0.0006621033802557907,0.7854978681776674
placer,0.000752122956328094,0.000661336918361096,0.7861592050960285
caer,0.0007519142968314034,0.0006611534453965136,0.7868203585414251
esdemamador,0.0007506995461881161,0.0006600853229037088,0.7874804438643288
tostaditas,0.0007474182484050592,0.0006572000986916117,0.7881376439630204
hizo,0.0007458924583977821,0.0006558584812699003,0.7887935024442904
ricas,0.0007457068256501642,0.0006556952555789097,0.7894491976998693
hoy,0.0007452956962266139,0.0006553337520990189,0.7901045314519684
final,0.000741648053129514,0.0006521264027888819,0.7907566578547572
ideario,0.0007409584553291401,0.0006515200438413577,0.7914081778985986
sueño,0.0007392745465040207,0.00065003939355162,0.7920582172921502
level,0.0007381299510598183,0.0006490329580779117,0.7927072502502281
acompañados,0.000736172318768998,0.0006473116244906272,0.7933545618747188
obligatoria,0.0007349857387857306,0.0006462682722795019,0.7940008301469983
dejarme,0.000734342130548928,0.0006457023516618987,0.7946465324986602
avión,0.0007321063789776436,0.000643736469565183,0.7952902689682254
lengua,0.0007290459493501716,0.0006410454533135657,0.795931314421539
ay,0.0007286555677031477,0.0006407021932212425,0.7965720166147602
mentalhealth,0.0007255413597689882,0.00063796389004756,0.7972099805048077
inclusión,0.0007223182357847691,0.0006351298176857409,0.7978451103224935
niña,0.0007217385548154044,0.0006346201079066592,0.7984797304304002
estrato,0.0007202917244285345,0.0006333479191755572,0.7991130783495758
ser,0.0007201791971882033,0.0006332489746908474,0.7997463273242666
condiciones,0.000719086583038526,0.0006322882460378714,0.8003786155703045
hermoso,0.0007186959238929879,0.0006319447419428748,0.8010105603122474
migrantes,0.000717546101585622,0.0006309337105217244,0.8016414940227691
realmente,0.000715748864846925,0.0006293534117203981,0.8022708474344895
saraiarriozola,0.0007153895150192759,0.0006290374377089263,0.8028998848721984
ausencia,0.0007137440765897433,0.000627590614192659,0.8035274754863911
bullying,0.000712368809790523,0.0006263813508677353,0.8041538568372589
hace,0.000708899459254647,0.0006233307730695094,0.8047771876103285
creo,0.0007069796995664417,0.0006216427406201478,0.8053988303509486
mature,0.0007043886619309584,0.0006193644577532429,0.8060181948087018
gratuitas,0.0007001769004596606,0.000615661082754694,0.8066338558914565
hombres,0.0006979004925901391,0.0006136594518342498,0.8072475153432908
perfectamente,0.000694473653233477,0.0006106462538447646,0.8078581615971355
vika,0.000693975171695153,0.0006102079422074966,0.808468369539343
soyporquesomos,0.0006933442126883536,0.0006096531439771566,0.8090780226833202
za,0.0006919046346512106,0.000608387332190913,0.8096864100155111
voy,0.0006901593902164375,0.0006068527498908134,0.8102932627654019
reconocer,0.0006894086384110982,0.0006061926186167713,0.8108994553840186
neoconfucianos,0.000688784672538676,0.0006056439694048861,0.8115050993534235
entendiendo,0.000688766206925114,0.0006056277327086572,0.8121107270861322
sofffiaaa,0.0006875891471281647,0.0006045927515366404,0.8127153198376689
superiores,0.0006864269554324739,0.0006035708437912295,0.8133188906814601
pura,0.0006862528831798793,0.0006034177831697786,0.8139223084646299
frases,0.0006848644622444332,0.0006021969534967704,0.8145245054181266
gamergate,0.0006844107334965195,0.0006017979927026709,0.8151263034108293
asientos,0.0006816505260455112,0.000599370959895962,0.8157256743707252
salarial,0.0006794608198106289,0.0005974455651698617,0.816323119935895
profecion,0.0006794602340731605,0.0005974450501346416,0.8169205649860296
democracia,0.0006780947200163747,0.0005962443623339364,0.8175168093483636
sofiiagalv,0.0006775363581255078,0.000595753398284602,0.8181125627466481
dictadura,0.0006765917919221379,0.0005949228472465452,0.8187074855938946
dentro,0.0006764591287279782,0.0005948061973460637,0.8193022917912407
exista,0.0006764075138940002,0.000594760812751753,0.8198970526039925
dado,0.0006756668058989371,0.000594109512936026,0.8204911621169285
mentalhealthmatters,0.000674030213326058,0.0005926704675250942,0.8210838325844536
caballero,0.000673414363215367,0.0005921289544507357,0.8216759615389043
seguro,0.0006717109757046852,0.0005906311766770207,0.8222665927155813
cantar,0.0006716119435926279,0.0005905440983725284,0.8228571368139539
dakar,0.0006715308588284713,0.0005904728010565747,0.8234476096150105
selflove,0.0006705956184305251,0.0005896504501397456,0.8240372600651502
internet,0.0006690138899203804,0.000588259646349246,0.8246255197114994
asesoramiento,0.0006645310566657119,0.0005843179196605105,0.82520983763116
yofuiaegb,0.00066275205463171,0.0005827536545187193,0.8257925912856787
d,0.000661844727657144,0.0005819558476970331,0.8263745471333758
potenciar,0.0006611179966952593,0.0005813168377974326,0.8269558639711732
ciberacoso,0.0006602254714752973,0.0005805320460641622,0.8275363960172373
fórmula,0.0006567824631929398,0.0005775046308414406,0.8281139006480787
ensayo,0.0006556335695500693,0.0005764944159890579,0.8286903950640677
cursos,0.0006543798039534263,0.0005753919878966099,0.8292657870519643
zorras,0.000653931483005484,0.0005749977821465337,0.8298407848341108
irenemontero,0.0006537245683527241,0.0005748158434120905,0.830415600677523
diversos,0.0006535360589623451,0.0005746500883074677,0.8309902507658304
nefasto,0.000653400229743849,0.0005745306545419806,0.8315647814203724
f,0.000652829140779518,0.0005740284996581241,0.8321388099200305
peruanos,0.0006522652637656956,0.0005735326861963511,0.8327123426062268
promover,0.0006491166880975166,0.0005707641636933472,0.8332831067699202
palabras,0.0006490671741110938,0.0005707206263608922,0.8338538273962811
muchas,0.0006488028518629797,0.0005704882094940072,0.8344243156057751
don,0.0006476767826825381,0.0005694980640458608,0.834993813669821
mismos,0.0006457502177606026,0.000567804047797885,0.8355616177176188
microagresión,0.0006456954482321938,0.0005677558893008824,0.8361293736069197
caga,0.0006454802583903074,0.0005675666742454205,0.8366969402811651
individuales,0.0006434713889445577,0.0005658002881546038,0.8372627405693197
herramienta,0.0006417969034777748,0.000564327923763748,0.8378270684930834
científico,0.0006415335669595025,0.0005640963736428258,0.8383911648667263
contenta,0.000640986347952021,0.0005636152074597814,0.838954780074186
nacionalismo,0.0006403108981127539,0.000563021288724221,0.8395178013629102
diferencia,0.0006402672401496343,0.000562982900555706,0.8400807842634659
agregado,0.0006393357775809745,0.0005621638714600731,0.8406429481349259
lgtbi,0.0006350061675119731,0.0005583568729412172,0.8412013050078672
ganar,0.0006330665200948715,0.0005566513533386837,0.8417579563612059
además,0.0006311723552651679,0.0005549858262851553,0.842312942187491
igualdad,0.0006282538354114808,0.0005524195903925082,0.8428653617778835
paritaria,0.0006281286042014306,0.0005523094753882519,0.8434176712532717
rumboalaparidad,0.0006278967773731874,0.0005521056315367994,0.8439697768848086
rust,0.0006261095969864925,0.0005505341752216479,0.8445203110600302
ver,0.0006260748245004637,0.0005505035999964663,0.8450708146600266
extracomunitarios,0.000625806148274846,0.0005502673547049325,0.8456210820147316
sostuvimos,0.0006250348873436451,0.0005495891898873303,0.846170671204619
fuego,0.000622603009478786,0.0005474508551915935,0.8467181220598106
rubia,0.0006216992971838101,0.000546656226734616,0.8472647782865452
diainternacionaldelaspersonasmigrantes,0.0006201563000704358,0.0005452994792142625,0.8478100777657595
info,0.0006154873088081047,0.0005411940649767293,0.8483512718307362
cooperacion,0.0006115651061196649,0.000537745297169104,0.8488890171279053
temas,0.0006112136168494112,0.0005374362348956142,0.849426453362801
relacionados,0.0006112136168494112,0.0005374362348956142,0.8499638895976966
golfa,0.0006090414909912007,0.0005355262984825913,0.8504994158961793
circo,0.0006080216448955658,0.0005346295543154109,0.8510340454504947
alguien,0.0006074441729911736,0.0005341217869530699,0.8515681672374478
querer,0.0006074295379221439,0.0005341089184302165,0.852102276155878
vacía,0.0006063466259677495,0.000533156720855671,0.8526354328767336
feminismo,0.0006036678046569566,0.000530801250362962,0.8531662341270966
autohttps,0.0006010170374065638,0.0005284704476266305,0.8536947045747232
casos,0.0005999992912014325,0.0005275755498797764,0.854222280124603
constituyen,0.0005975282466452983,0.0005254027761622118,0.8547476829007652
ciudadana,0.0005974219446735723,0.0005253093055164809,0.8552729922062817
llevado,0.0005960119888186455,0.0005240695403261258,0.8557970617466079
enmienda,0.000595779934277137,0.0005238654962478516,0.8563209272428557
interesante,0.0005930647564431032,0.0005214780576961436,0.8568424053005518
pesar,0.0005926643379978718,0.0005211259723111725,0.8573635312728629
chivas,0.0005905375738317768,0.0005192559221447042,0.8578827871950077
ovando,0.0005877187165121237,0.0005167773188825724,0.8583995645138902
i,0.0005834752711682366,0.0005130460844569397,0.8589126105983471
través,0.000582790281623602,0.0005124437775192951,0.8594250543758664
pelea,0.0005822121165692806,0.0005119354006746423,0.859936989776541
humanos,0.0005821614099356036,0.0005118908146550635,0.8604488805911961
solo,0.0005814295950281118,0.0005112473344745169,0.8609601279256706
quiero,0.000580106462751116,0.0005100839127024645,0.861470211838373
españa,0.0005775338414913187,0.0005078218232372382,0.8619780336616103
merece,0.0005773112177848815,0.0005076260716320911,0.8624856597332424
policíacibernéticaquintanaroo,0.0005765907585413919,0.0005069925764144736,0.8629926523096569
niñata,0.0005762776670356592,0.0005067172770504212,0.8634993695867074
ajeno,0.0005752615331272993,0.0005058237969858348,0.8640051933836932
caso,0.0005748771476425145,0.0005054858092807242,0.8645106791929739
éxito,0.0005745349451899528,0.0005051849128467986,0.8650158641058207
veo,0.0005731650702824884,0.0005039803905779057,0.8655198444963985
pajas,0.0005730572156608105,0.0005038855546969751,0.8660237300510955
desgano,0.0005716628511436284,0.0005026594988704554,0.8665263895499659
putin,0.0005703410133719444,0.0005014972153486672,0.8670278867653145
alguna,0.0005697281033332859,0.0005009582874608948,0.8675288450527754
igualdadgobpue,0.0005695429966360533,0.000500795524322653,0.8680296405770981
cantante,0.0005695159909211927,0.0005007717783698219,0.8685304123554679
pantalla,0.0005693374046434958,0.0005006147485948897,0.8690310271040628
activamente,0.0005691587487013922,0.0005004576575644887,0.8695314847616272
mariachivite,0.0005686768188479434,0.0005000338997181626,0.8700315186613454
reforzar,0.0005686498609268004,0.0005000101957900428,0.8705315288571355
corrupción,0.0005667750513003696,0.0004983616876433021,0.8710298905447788
parados,0.0005623570510319301,0.0004944769681858445,0.8715243675129646
incapaces,0.0005623477461585213,0.0004944687864700039,0.8720188362994346
ddhh,0.0005607879111920697,0.0004930972335328337,0.8725119335329674
ojalá,0.0005605707595509196,0.0004929062934797918,0.8730048398264472
chacha,0.0005601048469543457,0.0004924966195052756,0.8734973364459524
quintanaroociberseguro,0.0005579381815752842,0.0004905914844567409,0.8739879279304091
negra,0.0005571312891940277,0.0004898819891323667,0.8744778099195415
jajajajajaja,0.0005548363773240933,0.0004878640877623803,0.8749656740073039
teamlucesazules,0.000552590689336767,0.0004858894686384148,0.8754515634759422
lucesazulesteam,0.0005508477777420056,0.00048435693758965833,0.8759359204135319
asignados,0.0005501300950224201,0.0004837258837518007,0.8764196462972836
payaso,0.0005494386755994388,0.0004831179230631364,0.8769027642203467
igualdadgob,0.0005483492542882721,0.0004821600018526986,0.8773849242221995
vayan,0.0005461387946048663,0.0004802163587516797,0.8778651405809512
vi,0.0005460525151680816,0.0004801404937932163,0.8783452810747444
habitual,0.0005448845031699448,0.0004791134682929873,0.8788243945430374
ud,0.0005414577899500728,0.0004761003812147772,0.8793004949242522
jornada,0.000539016945898336,0.0004739541626081064,0.8797744490868603
buscando,0.0005385575942429049,0.0004735502576272906,0.8802479993444876
relaciones,0.0005361295149972042,0.0004714152630331516,0.8807194146075208
ecogeta,0.0005358629665958384,0.00047118088872391117,0.8811905954962447
aplíquese,0.0005354303168132902,0.00047080046252961314,0.8816613959587742
adacolau,0.0005330543033778667,0.0004687112490703685,0.8821301072078446
palestinianwomen,0.000532684097748189,0.0004683857296214126,0.882598492937466
haber,0.00052732929515724,0.00046367728585681973,0.8830621702233228
nacido,0.00052732929515724,0.00046367728585681973,0.8835258475091796
supreme,0.0005258718217235236,0.00046239573876250825,0.8839882432479421
ljdmtoqjsa,0.0005245634411682723,0.00046124528808529747,0.8844494885360275
descartada,0.000524441349423594,0.0004611379335929189,0.8849106264696204
recordemos,0.0005237061741007935,0.00046049149862062444,0.885371117968241
conozca,0.0005204977467656136,0.00045767034892856825,0.8858287883171695
quería,0.0005200483525792757,0.000457275199486816,0.8862860635166563
ocde,0.0005198447033762932,0.0004570961320415346,0.8867431596486979
savewomenssports,0.0005183666482538222,0.00045579648759957396,0.8871989561362974
feminazi,0.0005160020906236264,0.0004537173471567995,0.8876526734834542
considerado,0.0005091715914507707,0.00044771133279992097,0.8881003848162542
amenaza,0.0005086190067231655,0.0004472254485733951,0.8885476102648275
haberlo,0.000506557896733284,0.0004454131277053203,0.8889930233925328
celoy,0.0005065363482572139,0.00044539418026775087,0.8894384175728006
grupo,0.0005040974946206095,0.00044324971182041077,0.889881667284621
pie,0.0005028040613979101,0.00044211240423737685,0.8903237796888585
circ,0.0005008272611751007,0.0004403742164097498,0.8907641539052682
brille,0.0004986758969796749,0.000438482535594393,0.8912026364408626
estrecha,0.0004984919706152545,0.0004383208103152645,0.8916409572511779
machistas,0.0004984093899921632,0.00043824819770009037,0.892079205448878
frente,0.0004976793813208739,0.000437606305731516,0.8925168117546095
muera,0.0004971739573976694,0.000437161889699502,0.8929539736443091
mide,0.0004969012095696396,0.00043692206427393656,0.893390895708583
caderas,0.0004962595835052154,0.0004363578865678629,0.8938272535951508
bragas,0.0004954832870942684,0.00043567529408503687,0.8942629288892359
feliz,0.0004953828719659888,0.0004355869997032014,0.8946985158889391
eterno,0.0004948615096509457,0.00043512856914490076,0.895133644458084
derechos,0.0004947354929846903,0.00043501776349401313,0.8955686622215779
región,0.000493296740266184,0.0004337526774051828,0.8960024148989831
deber,0.0004926324472762644,0.0004331685688160937,0.8964355834677993
haciendo,0.00048751983466365986,0.00042867308115473985,0.896864256548954
optativa,0.00048515448967615765,0.0004265932483937076,0.8972908497973476
lógico,0.00048160029733220914,0.0004234680697347755,0.8977143178670824
mientras,0.00048094022915595106,0.00042288767599739255,0.8981372055430799
dejamos,0.0004808405259003242,0.00042280000756064024,0.8985600055506405
fastidio,0.00047965878103342326,0.0004217609068364969,0.8989817664574771
clichés,0.00047870102029712135,0.0004209187539297894,0.8994026852114069
poder,0.0004786877675535639,0.000420907100876907,0.8998235923122838
escribiera,0.00047313332158539973,0.00041602311196408027,0.9002396154242479
kwqnshdqbo,0.00047274955237905185,0.00041568566614866856,0.9006553010903966
all,0.0004699165001511574,0.00041319458139425715,0.9010684956717908
sentirte,0.00046983462216257865,0.0004131225866011284,0.9014816182583919
personas,0.00046927493647168275,0.00041263045854287184,0.9018942487169348
violan,0.00046870310325175524,0.00041212764923981635,0.9023063763661746
xbzatmbiom,0.00046849344615583065,0.0004119432990925901,0.9027183196652672
interesa,0.00046760374917819553,0.0004111609942147588,0.903129480659482
trae,0.00046656414418032874,0.0004102468761708706,0.9035397275356528
discusión,0.0004662430454932508,0.0004099645361433323,0.9039496920717961
girardota,0.00046369174184898547,0.00040772119112147677,0.9043574132629175
engañar,0.0004626275631525214,0.00040678546558114623,0.9047641987284987
detenidos,0.0004620511271059513,0.0004062786090419814,0.9051704773375406
viejo,0.00045654599148875626,0.00040143797840625395,0.9055719153159469
sandinista,0.0004564955283606809,0.00040139360649959767,0.9059733089224465
vaya,0.00045563220711691046,0.0004006344936363257,0.9063739434160829
dedo,0.0004553309842651966,0.00040036963030405225,0.906774313046387
lenguaje,0.0004553025617040677,0.00040034463852733443,0.9071746576849143
patokssano,0.0004542432725429535,0.00039941321232425095,0.9075740708972386
mil,0.0004538531149072307,0.00039907014920363617,0.9079731410464422
según,0.00045271233345071477,0.00039806706734497443,0.9083712081137872
sabes,0.00045088647307936475,0.00039646159996602166,0.9087676697137532
quién,0.00044967871647150746,0.00039539962728396175,0.9091630693410372
condenándose,0.0004492728660504023,0.0003950427655972508,0.9095581121066344
jacta,0.00044653354760177517,0.00039263410035710294,0.9099507462069915
francesa,0.00044470961010123874,0.00039103032374619224,0.9103417765307377
pedazo,0.00044354466406994653,0.0003900059941310545,0.9107317825248687
prácticas,0.00044301976449787615,0.0003895444532852109,0.911121326978154
embargo,0.00044239517019102067,0.00038899525149493675,0.9115103222296489
decisiones,0.0004418425727635622,0.00038850935610151084,0.9118988315857504
mundo,0.00044173910330757345,0.00038841837606880166,0.9122872499618192
fiscal,0.00044119269832184433,0.0003879379256498922,0.912675187887469
uam,0.0004388103261590004,0.00038584312100218356,0.9130610310084712
entretenerse,0.00043839956116345193,0.00038548193796151045,0.9134465129464328
delito,0.00043757360628140824,0.00038475568110177727,0.9138312686275345
señor,0.0004369181647846633,0.0003841793555741807,0.9142154479831087
ofendidito,0.0004353563632518862,0.0003828060734477834,0.9145982540565565
barreras,0.0004329971181938336,0.0003807316043158101,0.9149789856608723
pegar,0.0004315508477803734,0.00037945990796575565,0.915358445568838
aprendemos,0.0004313209404548009,0.00037925775192075865,0.9157377033207588
joven,0.00043034618914437786,0.0003784006593105945,0.9161161039800694
desayunado,0.0004278488664163484,0.00037620477936408785,0.9164923087594334
fans,0.0004263371229171753,0.00037487551294736193,0.9168671842723808
entrar,0.00042590317265181753,0.0003744939432468242,0.9172416782156276
comunitari,0.0004255820859748966,0.00037421161377974025,0.9176158898294073
azotar,0.0004244826527105437,0.00037324488912272337,0.91798913471853
pabloiglesias,0.00042406959525708647,0.00037288169033843267,0.9183620164088685
escuchar,0.0004232904873788357,0.0003721966257503383,0.9187342130346189
proyecto,0.0004226981286273335,0.0003716757684782837,0.9191058888030972
sopitas,0.0004211290635996394,0.0003702960996071334,0.9194761849027043
crisis,0.0004187510501468131,0.00036820512754534286,0.9198443900302496
violadores,0.0004177646066706914,0.00036733775408845403,0.9202117277843381
insulto,0.00041665421237075144,0.0003663613914627563,0.9205780891758009
kaempffer,0.0004157685131455463,0.0003655826017831385,0.920943671777584
curso,0.0004147107092042764,0.0003646524815243912,0.9213083242591084
quita,0.0004117461697508892,0.00036204578089124665,0.9216703700399996
misoginia,0.00041021848175389774,0.00036070249457928515,0.9220310725345789
gil,0.00040964347620805103,0.00036019689587028244,0.9223912694304492
configura,0.000409643269247479,0.00036019671389117146,0.9227514661443404
país,0.0004094877637418589,0.0003600599788919141,0.9231115261232323
dedican,0.0004056707179794709,0.00035670367489866147,0.923468229798131
serio,0.00040403292514383797,0.0003552635741043455,0.9238234933722353
guays,0.0004007879756072648,0.00035241031067354754,0.9241759036829089
prostitucion,0.00040059128813485885,0.00035223736463355933,0.9245281410475424
columna,0.0004005790688097477,0.0003522266202589255,0.9248803676678014
ánimo,0.00040019247680902483,0.00035188669237842406,0.9252322543601798
millones,0.0003991715366109496,0.0003509889861739461,0.9255832433463537
biológicos,0.00039886752557423383,0.0003507216712083839,0.9259339650175621
coches,0.00039870805966739473,0.0003505814538535946,0.9262845464714157
avergonzar,0.00039662520653131793,0.00034875001437575096,0.9266332964857914
social,0.0003966228720220421,0.0003487479616566345,0.926982044447448
cierto,0.0003951760341546365,0.00034747576634794515,0.927329520213796
mero,0.00039437348669005355,0.0003467700914810897,0.9276762903052771
chivahermano,0.0003936027891800872,0.00034609242207618536,0.9280223827273533
conocen,0.00039263020956977493,0.00034523723902807725,0.9283676199663814
rural,0.00039210540749001917,0.00034477578390660404,0.928712395750288
lopezdoriga,0.00039193850465207587,0.00034462902730572853,0.9290570247775937
pequeño,0.00039163166657090186,0.0003443592265380055,0.9294013840041316
desbalances,0.0003915600492760088,0.0003442962539073904,0.929745680258039
masculinos,0.0003899897781333753,0.00034291552450706675,0.9300885957825461
sinónimo,0.00038962839171290397,0.0003425977597325159,0.9304311935422787
misandría,0.00038906328986878646,0.0003421008692852766,0.930773294411564
sistema,0.0003890512167431769,0.0003420902534629321,0.9311153846650269
crimen,0.00038858553743921216,0.00034168078462111913,0.931457065449648
dios,0.0003885338082909584,0.00034163529951099485,0.931798700749159
acoso,0.0003862849824751416,0.00033965792131445115,0.9321383586704735
flaquita,0.00038587369449567376,0.0003392962784173534,0.9324776549488908
transformaron,0.0003856145444193057,0.0003390684094080959,0.9328167233582989
rayos,0.0003845453883210818,0.00033812830727014454,0.933154851665569
querían,0.0003830960421895324,0.0003368539064607916,0.9334917055720298
nunca,0.0003829479217529297,0.00033672366510561824,0.9338284292371354
quedo,0.0003825174644589424,0.00033634516675252796,0.9341647744038879
ciberdelincuente,0.0003823388259707376,0.000336188091069229,0.9345009624949572
diferentes,0.0003808353850174518,0.00033486612502814703,0.9348358286199854
llevan,0.0003806939489687934,0.00033474176121265926,0.935170570381198
piropos,0.00037990489767657384,0.00033404795344408255,0.935504618334642
aparición,0.00037952838465571404,0.0003337168879462896,0.9358383352225883
actual,0.0003733105647067229,0.00032824959852320736,0.9361665848211115
aguantar,0.00037324563267507717,0.00032819250420192624,0.9364947773253134
transversalidad,0.0003731866274393569,0.00032814062127450047,0.9368229179465879
aprender,0.0003730087033049627,0.00032798417371795096,0.9371509021203058
pillado,0.00037297641996432234,0.0003279557871824332,0.9374788579074883
culturachina,0.00036894436703906175,0.00032441042876221043,0.9378032683362505
káiser,0.00036758075778683025,0.00032321141584400073,0.9381264797520945
flaca,0.00036673907501002146,0.0003224713295467152,0.9384489510816413
necesidad,0.0003666802817447619,0.0003224196330035635,0.9387713707146449
darle,0.0003656980450126971,0.0003215559585098928,0.9390929266731548
arantzafernndez,0.0003649238367668457,0.00032087520213731674,0.9394138018752921
geitta,0.000362075169128601,0.0003183703868521814,0.9397321722621443
casi,0.00036172990135296626,0.0003180667950992287,0.9400502390572436
binario,0.0003611714006371891,0.0003175757089820361,0.9403678147662257
felicidad,0.0003584783110353682,0.00031520769247203134,0.9406830224586977
olgamoreno,0.0003563190278198037,0.00031330904851277513,0.9409963315072105
gran,0.00035609442533718214,0.00031311155698234987,0.9413094430641928
homosexuales,0.0003555251645262946,0.00031261100958215605,0.941622054073775
todas,0.00035500032679429134,0.00031214952311188905,0.9419342035968868
recomendaciones,0.00035440425854176276,0.00031162540409924164,0.9422458290009861
patriarchy,0.0003523694440012886,0.0003098362046521149,0.9425556652056382
puedes,0.00035103689879179,0.0003086645061485497,0.9428643297117867
abusivas,0.00034918593656685614,0.0003070369668698436,0.9431713666786565
múltiple,0.00034529948607087135,0.00030361963573701173,0.9434749863143935
peor,0.0003442492279584643,0.0003026961504774553,0.943777682464871
añeja,0.00034294471455117065,0.00030154910015877843,0.9440792315650298
envejecen,0.0003415782703086734,0.00030034759445170993,0.9443795791594816
surdotino,0.0003380808319586019,0.0002972723192176095,0.9446768514786992
cuales,0.00033794476114439243,0.0002971526730185525,0.9449740041517177
discriminación,0.000337835031354593,0.0002970561883142528,0.9452710603400319
hewsonlari,0.00033716316689692794,0.00029646542218186693,0.9455675257622138
consumir,0.0003370634989724273,0.0002963777848115485,0.9458639035470253
indeterminado,0.0003367351833730936,0.00029608909899909406,0.9461599926460245
difunde,0.00033458977538560115,0.00029420265543938357,0.9464541953014638
cifra,0.00033458977538560115,0.00029420265543938357,0.9467483979569031
machitos,0.0003338766173415241,0.0002935755801198415,0.947041973537023
dice,0.0003336623291686583,0.0002933871578961985,0.9473353606949192
weee,0.0003327836748212576,0.00029261456273270095,0.9476279752576519
deben,0.0003268532248342902,0.0002873999558843431,0.9479153752135362
chotano,0.0003265123745357549,0.00028710024839082867,0.948202475461927
invenciones,0.0003261794003524951,0.000286807466315241,0.9484892829282423
anillo,0.00032617307414172913,0.00028680190371846393,0.9487760848319607
siento,0.00032446796540170914,0.00028530261247877004,0.9490613874444395
conforme,0.0003242215995366375,0.0002850859845449661,0.9493464734289845
cornudo,0.00032358811810039554,0.00028452896835850567,0.949631002397343
jajajaja,0.0003227502391855051,0.00028379222677274343,0.9499147946241158
cerrado,0.00032226011152487245,0.00028336126064684714,0.9501981558847626
volvamos,0.0003218754988025736,0.0002830230731332398,0.9504811789578959
testosterona,0.00032034745284666616,0.00028167947207028657,0.9507628584299661
mano,0.0003196369960076279,0.0002810547719031065,0.9510439132018692
selfcare,0.00031836148691437543,0.0002799332248927728,0.9513238464267619
dócil,0.00031668161154612084,0.00027845612119593047,0.9516023025479579
expresiones,0.00031616459271371965,0.0002780015098342136,0.9518803040577921
voto,0.00031471346631984824,0.0002767255436515556,0.9521570296014437
bollo,0.00031451694667339325,0.00027655274517985565,0.9524335823466236
producen,0.0003125991594667236,0.0002748664471209277,0.9527084487937445
contigo,0.0003104906174398604,0.00027301241956526257,0.9529814612133097
onvres,0.00031034183865856556,0.0002728815993318005,0.9532543428126415
hjhokbsnau,0.000310035003349185,0.0002726118010012977,0.9535269546136428
llenos,0.00030953933785213923,0.0002721759654911645,0.9537991305791339
color,0.0003090621063247659,0.00027175633885299,0.9540708869179869
vida,0.000307147703324943,0.00027007301650555746,0.9543409599344925
feminista,0.0003065265704035049,0.0002695268582894036,0.9546104867927819
acuerdo,0.00030648205429315565,0.00026948771555750307,0.9548799745083394
program,0.00030603036284446714,0.00026909054614761816,0.955149065054487
jaymes,0.00030599291332893906,0.0002690576170274722,0.9554181226715145
programas,0.00030377374163695743,0.00026710631351287893,0.9556852289850274
violencia,0.0003032958537170833,0.000266686109712965,0.9559519150947403
lugar,0.000301413204787033,0.0002650307085165519,0.9562169458032569
tantos,0.0003012940287590027,0.0002649259177952251,0.9564818717210521
claudia,0.00030125155123871764,0.0002648885675825656,0.9567467602886347
cata,0.00030101753460864223,0.00026468279825232885,0.957011443086887
mayores,0.0003000512846152891,0.00026383318079604176,0.957275276267683
progre,0.0002987729650971396,0.00026270916259702137,0.9575379854302801
autoridades,0.0002984022255986929,0.00026238317372066197,0.9578003686040008
knowyourrights,0.00029527361465657095,0.0002596322060739423,0.9580600008100747
sumisa,0.00029363897629082204,0.0002581948789848757,0.9583181956890596
calificadas,0.00029298936327298484,0.0002576236784016079,0.9585758193674613
diputado,0.00029189232736825943,0.0002566590617276208,0.958832478429189
favor,0.00029170987308930254,0.00025649863084385114,0.9590889770600328
sofi,0.0002910922979936004,0.0002559556010011747,0.959344932661034
cuerpo,0.0002904925523137655,0.0002554282484501519,0.9596003609094842
femenino,0.0002904925523137655,0.0002554282484501519,0.9598557891579343
manuelbartlett,0.0002893936665107807,0.0002544620051724242,0.9601102511631068
vih,0.00028778502407173314,0.0002530475361359007,0.9603632986992426
mismo,0.00028708786038415774,0.0002524345245520165,0.9606157332237947
primevideomx,0.00028695644707315497,0.00025231897366582295,0.9608680521974605
barba,0.0002865649043367459,0.00025197469263500905,0.9611200268900956
josé,0.00028646613977718774,0.0002518878495877228,0.9613719147396833
perspectiva,0.0002853656397657652,0.0002509201869468114,0.9616228349266301
experiencias,0.00028415783308446404,0.00024985817023549166,0.9618726930968656
tema,0.00028248829767107964,0.0002483901583950171,0.9621210832552607
apretón,0.00028123584989872243,0.00024728888905705846,0.9623683721443177
minoria,0.00028096940368413923,0.00024705460460000415,0.9626154267489176
pensarse,0.00027899007545784116,0.0002453141939150335,0.9628607409428327
quitarle,0.00027673164608352116,0.0002433283713707507,0.9631040693142034
pansexualidad,0.00027605802441636724,0.000242736060135269,0.9633468053743387
caracteres,0.00027416505747371257,0.0002410715863761825,0.9635878769607149
llamarla,0.00027248323377635744,0.00023959276952598878,0.9638274697302409
ofenderse,0.0002720647762155431,0.00023922482246174157,0.9640666945527027
reír,0.0002718921856616031,0.00023907306468846717,0.9643057676173912
amicha,0.0002695016474241302,0.00023697107966342155,0.9645427386970546
danielsirera,0.00026948031403922616,0.00023695232135414253,0.9647796910184088
dudo,0.00026898297213914774,0.00023651501179351503,0.9650162060302023
allí,0.00026787199939672763,0.0002355381405470339,0.9652517441707493
link,0.0002625711615402977,0.00023087714762930946,0.9654826213183786
mercado,0.0002616068082196372,0.00023002919790522381,0.9657126505162839
tetas,0.00026106797823948527,0.000229555408140404,0.9659422059244243
turf,0.00026064628868230745,0.00022918461920236848,0.9661713905436267
pronunciamos,0.00026040031066672367,0.00022896833230214548,0.9664003588759288
nro,0.0002595452990915094,0.0002282165260774348,0.9666285754020062
complicaciones,0.00025851060643061074,0.0002273067274201112,0.9668558821294263
vergüenza,0.0002576314467899125,0.00022653368795543994,0.9670824158173817
abriendo,0.0002563989755068706,0.00022544998381712362,0.9673078658011989
perpetuación,0.0002560837066961858,0.000225172769962714,0.9675330385711616
colectivo,0.0002555020929624637,0.00022466136071626032,0.9677576999318779
cuestiones,0.00025536617012842305,0.00022454184463522193,0.9679822417765132
tehuel,0.00025527349983652426,0.0002244603602386185,0.9682067021367518
permita,0.0002546251052990556,0.0002238902310573671,0.9684305923678092
verdad,0.00025257888361313686,0.00022209100138000727,0.9686526833691892
golpes,0.0002522554750868561,0.00022180663032559032,0.9688744899995148
nueva,0.0002520573325455189,0.00022163240485277143,0.9690961224043675
empowerment,0.0002517199764649073,0.00022133576980279073,0.9693174581741703
cuánto,0.00025099610805443386,0.00022069927692638843,0.9695381574510966
médicas,0.00025032795270203386,0.000220111772186605,0.9697582692232832
igual,0.0002484560405572105,0.00021846581177696134,0.9699767350350602
preguntar,0.0002479257037569034,0.00021799949001100852,0.9701947345250712
pesos,0.0002478045145315784,0.0002178929290981409,0.9704126274541693
cosificación,0.00024705734714048597,0.0002172359495766843,0.970629863403746
sangrasen,0.00024641905393865373,0.00021667470243543038,0.9708465381061815
aún,0.0002450528720925961,0.0002154734274518777,0.9710620115336334
relacionada,0.00024504028260707855,0.0002154623575975595,0.9712774738912309
venir,0.0002439628670863411,0.00021451499300207161,0.9714919888842329
empleo,0.00024204039946198463,0.0002128245794817239,0.9717048134637146
puso,0.0002416809597475962,0.0002125085264334155,0.971917321990148
saben,0.0002411080144897655,0.00021200473932252446,0.9721293267294705
pintan,0.00024089839176407883,0.0002118204193968292,0.9723411471488673
participen,0.00024078283458948133,0.00021171881071024436,0.9725528659595776
financiado,0.0002376826031426916,0.0002089927969727622,0.9727618587565503
encuentra,0.00023742369228293972,0.00020876513830514956,0.9729706238948554
asesinados,0.00023733189706350288,0.0002086844233541806,0.9731793083182096
filosofía,0.00023432475115571703,0.00020604025913743287,0.973385348577347
usan,0.0002330829699834188,0.0002049483688728731,0.9735902969462199
teléfono,0.00023194105149461675,0.00020394428722897437,0.9737942412334489
ámbitos,0.00023034351806227975,0.00020253958627119677,0.9739967808197201
paulinaastrozas,0.00022957340503732367,0.0002018624308002341,0.9741986432505203
enseña,0.000228438355649511,0.00020086438911302328,0.9743995076396333
sexualizacion,0.00022769849156103434,0.00020021383133897528,0.9745997214709723
idiazayuso,0.00022760672598249384,0.00020013314245105745,0.9747998546134233
forzada,0.00022751805060079478,0.0002000551707535126,0.9749999097841768
rata,0.0002271618161882673,0.00019974193610668668,0.9751996517202836
rajetx,0.00022557750344276428,0.00019834886001451896,0.9753980005802981
ética,0.0002253149480869373,0.00019811799676475257,0.9755961185770629
dakilcabo,0.00022481257162456,0.00019767626034560674,0.9757937948374085
seis,0.0002230832663675149,0.0001961556932628212,0.9759899505306713
laboral,0.00022292745610078175,0.0001960186902890609,0.9761859692209603
chulos,0.00022233322974048804,0.00019549619084050778,0.9763814654118008
cogobierna,0.000219130751790193,0.0001926802724046349,0.9765741456842054
armario,0.0002179455477744341,0.0001916381300729637,0.9767657838142784
plis,0.00021634746173566037,0.00019023294321187092,0.9769560167574902
influencia,0.0002159006113500951,0.00018984003051791335,0.9771458567880081
escuché,0.00021576625493983936,0.00018972189178331818,0.9773355786797915
empieza,0.00021407280915549824,0.00018823285570616484,0.9775238115354976
quiera,0.00021280993823893368,0.00018712242136398484,0.9777109339568616
obvio,0.000210913467289577,0.0001854548665541543,0.9778963888234158
asesinadas,0.00020835360683988603,0.00018320399758786445,0.9780795928210037
dicta,0.00020806799154906048,0.00018295285788433308,0.9782625456788879
papá,0.00020595045893320016,0.000181090924961106,0.978443636603849
interior,0.00020563808502629401,0.00018081625657712487,0.9786244528604262
inquieta,0.0002047998159939488,0.0001800791719635728,0.9788045320323898
permiso,0.0002041361017507458,0.00017949557226278032,0.9789840276046526
demuestra,0.00020269410581224496,0.0001782276344312945,0.979162255239084
sexual,0.00020245549406994269,0.00017801782464818488,0.9793402730637322
supervivientes,0.0002023623362757495,0.00017793591159392336,0.979518208975326
cubrebocas,0.00020156746338125626,0.00017723698492759832,0.9796954459602536
matricula,0.00020066286540693708,0.0001764415776984232,0.9798718875379521
planes,0.00020054799506593962,0.00017634057294024213,0.9800482281108923
vieja,0.00020042059417718497,0.00017622855015133964,0.9802244566610436
loba,0.00019970899507498893,0.00017560284559945042,0.9804000595066431
jero,0.00019960477948188782,0.00017551120949313727,0.9805755707161362
oferta,0.00019805977298390298,0.0001741526951337119,0.98074972341127
invisibles,0.0001960214072217544,0.00017236037312001702,0.9809220837843899
tambien,0.0001958603658249755,0.00017221877044697236,0.9810943025548369
only,0.00019553489983081818,0.00017193259027417434,0.981266235145111
colaboración,0.0001951251282460159,0.00017157228073323423,0.9814378074258443
unidad,0.00019489973783493042,0.00017137409638233618,0.9816091815222266
integral,0.00019489973783493042,0.00017137409638233618,0.981780555618609
biológicamente,0.00019482405401235534,0.0001713075480798672,0.9819518631666888
violación,0.0001932025865299085,0.00016988180206448252,0.9821217449687533
lpdblockbuster,0.00019155600538195788,0.0001684339737631986,0.9822901789425165
escuela,0.00019027817890875868,0.00016731038909545827,0.9824574893316119
dicen,0.00018980540335178375,0.00016689468056363432,0.9826243840121756
separa,0.000186449009925127,0.00016394342523108954,0.9827883274374066
engaño,0.0001850867843521493,0.00016274562897322244,0.9829510730663799
apellidos,0.00018497873097658162,0.00016265061832926428,0.9831137236847092
rc,0.00018389750685956748,0.000161699904859362,0.9832754235895685
bendito,0.00018211207246527416,0.00016012998378419304,0.9834355535733528
cultura,0.0001809641671104309,0.00015912063792716927,0.98359467421128
espectro,0.00018013134184810854,0.00015838833998587724,0.9837530625512658
rt,0.00017951496152414218,0.0001578463606983676,0.9839109089119642
hacía,0.00017843705542858635,0.00015689856474357088,0.9840678074767077
confunde,0.00017731044479090755,0.00015590794319552933,0.9842237154199033
debatimos,0.0001767496977533613,0.00015541488190193257,0.9843791303018052
puedan,0.00017383904196321964,0.0001528555608302028,0.9845319858626355
participar,0.00017383904196321964,0.0001528555608302028,0.9846848414234657
hacerse,0.0001727749223414904,0.00015191988723390986,0.9848367613106996
monjita,0.00017217845708842653,0.0001513954191412239,0.9849881567298409
avergonzó,0.00017196068333254918,0.00015120393206667033,0.9851393606619075
sé,0.0001709998274842898,0.00015035905764775961,0.9852897197195553
defienden,0.00016947094222934786,0.0001490147185945185,0.9854387344381498
obediente,0.0001688411821507745,0.00014846097457412076,0.9855871954127239
respetar,0.00016801181352800795,0.00014773171603394328,0.9857349271287579
bizzarría,0.00016766336702165154,0.00014742532924334127,0.9858823524580013
vino,0.00016735058318212306,0.00014715030040821997,0.9860295027584095
delmarr,0.0001665732623743159,0.0001464668071797685,0.9861759695655893
incluir,0.00016317558898167175,0.00014347925463642004,0.9863194488202257
skamespaña,0.00015985167274872462,0.00014055655629316037,0.9864600053765189
salud,0.00015958677977323532,0.00014032363758933452,0.9866003290141082
nota,0.00015510218907837514,0.00013638036559464765,0.9867367093797028
delegada,0.0001550971840818723,0.00013637596473314523,0.986873085344436
cada,0.00015150376905997593,0.00013321629782366088,0.9870063016422597
audible,0.0001513536697963164,0.0001330843164984777,0.9871393859587582
alguno,0.00015089027361855618,0.00013267685519497435,0.9872720628139532
tratarlas,0.00014893683227932167,0.00013095920668468878,0.9874030220206379
grite,0.00014797638540562145,0.00013011469187449945,0.9875331367125124
elles,0.00014770209478835267,0.0001298735098841963,0.9876630102223967
lindo,0.0001472650251040856,0.00012948919729850766,0.9877924994196952
ocupa,0.00014699935646993775,0.00012925559656297062,0.9879217550162581
intersexuales,0.0001469967220063237,0.00012925328009591772,0.9880510082963541
novia,0.0001451344694942236,0.00012761581333971725,0.9881786241096938
demanda,0.00014325041706303112,0.00012595917805370153,0.9883045832877475
mac,0.00014190934598445892,0.00012477998280783904,0.9884293632705553
womensrights,0.0001405529295786833,0.00012358729451364108,0.988552950565069
hormonales,0.00014032109292468637,0.00012338344202246596,0.9886763340070914
saco,0.0001394398355235656,0.000122608558010435,0.9887989425651018
desea,0.00013940989058107745,0.0001225822276134979,0.9889215247927153
boxeo,0.00013875095173716546,0.00012200282689084387,0.9890435276196062
espero,0.00013840905287199545,0.00012170219739937538,0.9891652298170056
villaguay,0.00013673220291957817,0.00012022775393138232,0.989285457570937
personasa,0.00013626957430489482,0.00011982096754119682,0.9894052785384782
luisinjimenezc,0.00013623953176041445,0.00011979455132345049,0.9895250730898016
limitar,0.00013609887433371374,0.00011967087214528395,0.9896447439619469
danielvirgensg,0.00013596247505358975,0.0001195509371282433,0.9897642948990751
cruzar,0.00013496431832512223,0.00011867326428327546,0.9898829681633584
inemexicohttps,0.00013435514869563505,0.00011813762531343063,0.9900011057886718
ciertas,0.0001343257525669677,0.00011811177748498577,0.9901192175661568
sororidad,0.00013357535418536927,0.00011745195697418491,0.990236669523131
letra,0.00013237608540238755,0.0001163974475824016,0.9903530669707135
diosa,0.00013191481544212865,0.00011599185584838586,0.9904690588265619
consulmexmac,0.00013186660233057207,0.00011594946236690366,0.9905850082889288
interesados,0.00012959775751427053,0.00011395448159091754,0.9906989627705197
galapagar,0.0001289880642342189,0.0001134183821784713,0.9908123811526982
beto,0.00012736951406949607,0.00011199520134195431,0.9909243763540402
pide,0.000127178482297394,0.0001118272283231705,0.9910362035823633
protección,0.000127178482297394,0.0001118272283231705,0.9911480308106865
aquello,0.0001241356644424655,0.00010915169799082054,0.9912571825086773
feminicidio,0.00012352310364977233,0.00010861307719279798,0.9913657955858701
pervertidos,0.0001234390800739201,0.00010853919579846442,0.9914743347816686
justiciatv,0.00012337216619579563,0.00010848035885221501,0.9915828151405208
jaumecollboni,0.00012236497054497397,0.0001075947381404726,0.9916904098786613
sre,0.00012163446758723245,0.0001069524115489735,0.9917973622902103
abusivos,0.00012092487647747379,0.00010632847261202725,0.9919036907628224
cupones,0.00012054278825720155,0.00010599250487695032,0.9920096832676993
ime,0.00012016656498114267,0.0001056616941499128,0.9921153449618493
debería,0.00011856514960527421,0.00010425357982394757,0.9922195985416732
armadura,0.00011841988928697577,0.00010412585335255698,0.9923237243950257
inserción,0.00011786655005481508,0.00010363930569498778,0.9924273637007207
gamergirls,0.00011758759109221834,0.00010339401885841309,0.9925307577195791
maggverne,0.0001171482394316367,0.00010300769974550577,0.9926337654193246
sufren,0.00011704278488953909,0.00010291497423924215,0.9927366803935638
lamanada,0.00011696480214595795,0.00010284640451019534,0.992839526798074
recuerdo,0.00011693189208883615,0.00010281746690687279,0.9929423442649808
contexto,0.00011623557657003403,0.00010220520111238117,0.9930445494660932
pagado,0.00011568869044675882,0.00010172432763229622,0.9931462737937256
jodes,0.00011565224267542364,0.00010169227933942983,0.993247966073065
existe,0.00011475171160065766,0.00010090044810909261,0.993348866521174
lejos,0.00011449982412159443,0.00010067896505532347,0.9934495454862293
lamento,0.00011319319080365341,9.953005071273545e-05,0.993549075536942
claro,0.00011278835997458488,9.917408554679925e-05,0.9936482496224889
sólo,0.00011248311934858755,9.890568941122428e-05,0.9937471553119
triodepedernal,0.00011034750872675105,9.702786061264622e-05,0.9938441831725127
jajajajaajajaja,0.00011011368918175601,9.682226457806359e-05,0.9939410054370907
desarrollo,0.00010841638938366592,9.53298396912022e-05,0.9940363352767819
camayo,0.00010775295145905169,9.474648295558242e-05,0.9941310817597375
protectora,0.00010739358981232067,9.443049855166722e-05,0.9942255122582891
paremos,0.0001055962862352831,9.285014097981445e-05,0.994318362399269
políticas,0.00010484210215508936,9.21869917283844e-05,0.9944105493909974
mujeresel,0.0001042959970180635,9.170680496452728e-05,0.9945022561959619
mx,0.00010385612472031715,9.132002805868173e-05,0.9945935762240206
too,0.00010312628000974655,9.067828025972164e-05,0.9946842545042803
sociedad,0.000100269425137524,8.816626599196891e-05,0.9947724207702723
virtud,9.976270874696117e-05,8.772071350165016e-05,0.9948601414837739
froylanyescas,9.700836924215157e-05,8.529884034260725e-05,0.9949454403241165
pongas,9.69736526409785e-05,8.526831425662277e-05,0.9950307086383731
yytqmxqtrt,9.66833111036707e-05,8.501301879470418e-05,0.9951157216571678
leer,9.667124091224235e-05,8.500240555236648e-05,0.9952007240627201
artículos,9.667124091224235e-05,8.500240555236648e-05,0.9952857264682724
enjuiciados,9.624207547555368e-05,8.46250431211592e-05,0.9953703515113935
idiotez,9.610057653238377e-05,8.450062400292859e-05,0.9954548521353964
insisto,9.33433744918417e-05,8.207623383447375e-05,0.9955369283692309
constantemente,9.331176988780499e-05,8.204844410772255e-05,0.9956189768133387
todavía,9.277094815508191e-05,8.157290300757061e-05,0.9957005497163463
entonces,9.218696504831314e-05,8.105941038650917e-05,0.9957816091267327
ves,9.112099823714408e-05,8.01221125683234e-05,0.9958617312393011
obligan,9.104292026706157e-05,8.005345910722132e-05,0.9959417846984083
entendió,8.987730446582039e-05,7.902854056763937e-05,0.996020813238976
real,8.962923273831222e-05,7.881041267987523e-05,0.9960996236516558
coproducción,8.91876717408498e-05,7.84221509111401e-05,0.996178045802567
pasar,8.908766180728421e-05,7.833421281443225e-05,0.9962563800153814
demuestran,8.657474484461016e-05,7.612462095686472e-05,0.9963325046363383
escuchaba,8.647400324070265e-05,7.603603950709192e-05,0.9964085406758454
representan,8.622193709015847e-05,7.581439934862916e-05,0.9964843550751941
robo,8.51880293339491e-05,7.490529085299263e-05,0.996559260366047
estereotipo,8.511787487400896e-05,7.484360448382155e-05,0.9966341039705309
mención,8.445163525041492e-05,7.425778423215841e-05,0.9967083617547631
dinero,8.37257597595453e-05,7.361952654276521e-05,0.9967819812813058
falda,8.265025292833645e-05,7.267384024580594e-05,0.9968546551215516
conducir,8.172267634007665e-05,7.185822806795343e-05,0.9969265133496196
cráneo,7.809989620000124e-05,6.86727405973488e-05,0.9969951860902169
bandas,7.751504225390296e-05,6.815848225281924e-05,0.9970633445724697
agresivo,7.71242297357983e-05,6.781484329830296e-05,0.997131159415768
defendiendo,7.627086403469245e-05,6.706448428019821e-05,0.9971982239000482
denuncia,7.56201334297657e-05,6.649230100973069e-05,0.9972647162010579
md,7.522333827283648e-05,6.614340155905403e-05,0.997330859602617
síavanza,7.385191041976214e-05,6.493751379499127e-05,0.997395797116412
formación,7.324569326426305e-05,6.44044709166929e-05,0.9974602015873287
chiquillo,7.141598810752232e-05,6.279562284246864e-05,0.9975229972101712
creía,7.112681244810422e-05,6.254135252954232e-05,0.9975855385627008
refugeewomen,6.933483139922221e-05,6.096567502274895e-05,0.9976465042377236
justicia,6.891172379255294e-05,6.05936392028401e-05,0.9977070978769265
directiva,6.854007508428324e-05,6.026685086408242e-05,0.9977673647277906
feminidad,6.653741002082825e-05,5.850592024704512e-05,0.9978258706480376
illipika,6.497290451079607e-05,5.713026053069378e-05,0.9978830009085683
nuble,6.345679673055808e-05,5.579715662946345e-05,0.9979387980651978
ciudad,6.330715093229499e-05,5.566557403351111e-05,0.9979944636392313
series,6.300000296462151e-05,5.539550078456557e-05,0.9980498591400159
dicho,6.215987244528108e-05,5.465677937737143e-05,0.9981045159193932
parece,6.189084401828985e-05,5.442022439741639e-05,0.9981589361437906
busca,6.160623694159393e-05,5.416997121013868e-05,0.9982131061150007
prepará,6.111695025211724e-05,5.373974454481608e-05,0.9982668458595455
amiguismo,6.105175448788536e-05,5.368241832515406e-05,0.9983205282778707
sabe,6.079254671931267e-05,5.345449858750901e-05,0.9983739827764582
vascos,5.9962727957301636e-05,5.2724844242764875e-05,0.998426707620701
diciembre,5.982878307501475e-05,5.2607067362087926e-05,0.9984793146880631
vistas,5.812992874000753e-05,5.111327558083034e-05,0.9985304279636439
siguientes,5.6881457567214966e-05,5.0015502841505625e-05,0.9985804434664854
sarcasmo,5.677319408970929e-05,4.9920307456253446e-05,0.9986303637739417
raquel,5.661929026246071e-05,4.978498080257243e-05,0.9986801487547442
optar,5.375817688685072e-05,4.72692220599524e-05,0.9987274179768042
frágiles,5.340746766518032e-05,4.696084567820673e-05,0.9987743788224824
mamá,5.272356793284416e-05,4.635949700556512e-05,0.998820738319488
misógeno,5.112486847099804e-05,4.495377076547726e-05,0.9988656920902536
traumas,4.970608279109001e-05,4.370624156633403e-05,0.9989093983318199
refieras,4.760148003697391e-05,4.185567778807028e-05,0.9989512540096079
agregadas,4.715407415041847e-05,4.1462276645635115e-05,0.9989927162862535
cajas,4.6876491978764534e-05,4.121820041255506e-05,0.9990339344866661
keeeeeee,4.564175286736244e-05,4.0132502187226104e-05,0.9990740669888534
halagos,4.5324986179669734e-05,3.985397125911711e-05,0.9991139209601125
clic,4.429596343210766e-05,3.894915812042692e-05,0.999152870118233
tratamiento,4.288088530302048e-05,3.770488894707321e-05,0.99919057500718
votar,4.2848418363266516e-05,3.767634097402592e-05,0.9992282513481541
irán,4.163511001910919e-05,3.6609486685647066e-05,0.9992648608348397
espaciodiverso,4.126373974103764e-05,3.628294316878677e-05,0.9993011437780085
campeonas,4.0788886447747545e-05,3.5865407696672954e-05,0.9993370091857051
jajajle,3.786020019983912e-05,3.329023255842949e-05,0.9993702994182635
independientemente,3.699328572977158e-05,3.252796019419253e-05,0.9994028273784576
declara,3.6295680772690516e-05,3.1914560604846446e-05,0.9994347419390625
tremenda,3.5385831701334045e-05,3.111453611953861e-05,0.999465856475182
putas,3.2593321520835175e-05,2.865909972881967e-05,0.9994945155749109
flipa,3.235054035217334e-05,2.844562379570524e-05,0.9995229611987065
marzo,3.0249403789639462e-05,2.659810781759192e-05,0.9995495593065241
tipo,2.963120869822278e-05,2.6054532816638058e-05,0.9995756138393408
creemos,2.9448676129497225e-05,2.589403309317418e-05,0.999601507872434
deja,2.8283150482272344e-05,2.4869193825443758e-05,0.9996263770662595
poesía,2.8205217602543357e-05,2.4800667941364117e-05,0.9996511777342009
emakundejgv,2.714063242212641e-05,2.3864584982286465e-05,0.9996750423191831
womenpower,2.4890271612466907e-05,2.188585707544727e-05,0.9996969281762585
calle,2.4581718473480282e-05,2.1614548268328446e-05,0.9997185427245269
sra,2.368353307247162e-05,2.0824779573965026e-05,0.9997393675041009
apología,2.3614504330214995e-05,2.076408304117309e-05,0.999760131587142
decidir,2.3184259632779726e-05,2.0385771622874986e-05,0.9997805173587649
abusar,2.225085368586911e-05,1.9565033727141207e-05,0.9998000823924921
xicotepec,2.2007835408051802e-05,1.9351349305458685e-05,0.9998194337417975
taxista,2.1569457943464473e-05,1.8965886796875623e-05,0.9998383996285943
buen,1.9711442291736603e-05,1.7332145484977184e-05,0.9998557317740793
municipales,1.952723757206619e-05,1.717017544985269e-05,0.9998729019495292
odio,1.9106897525489357e-05,1.6800573127881256e-05,0.9998897025226571
ensayar,1.8222524514762365e-05,1.6022949580195285e-05,0.9999057254722372
ocho,1.644981611106134e-05,1.446421838738611e-05,0.9999201896906246
ezxnddepqe,1.3844441566523424e-05,1.2173329167792175e-05,0.9999323630197924
chistes,1.3365404623927508e-05,1.1752115039527612e-05,0.999944115134832
callo,1.0225921869277954e-05,8.991587877394259e-06,0.9999531067227093
angela,8.681271639135143e-06,7.633386782010079e-06,0.9999607401094913
albanodealonso,8.346612254778348e-06,7.3391229198463e-06,0.9999680792324112
llamo,8.056499063968664e-06,7.0840282415470695e-06,0.9999751632606527
casa,7.952755802999377e-06,6.992807453864809e-06,0.9999821560681066
adolescente,4.699474407566926e-06,4.1322178727136105e-06,0.9999862882859794
lideren,4.189078592591809e-06,3.683430087976989e-06,0.9999899717160673
existira,3.7302998181596857e-06,3.280028837769613e-06,0.999993251744905
supercopa,3.254757477686972e-06,2.861887490862954e-06,0.9999961136323959
bodrio,1.4809581140676773e-06,1.3021970239559278e-06,0.9999974158294199
grande,1.321387078080888e-06,1.1618872297775993e-06,0.9999985777166497
colocado,1.1087905260778567e-06,9.749524375698384e-07,0.9999995526690872
sexualización,2.7789512560484793e-07,2.4435141149302937e-07,0.9999997970204987
vanguardia,2.3084382216131323e-07,2.029795004744722e-07,0.9999999999999991
tercer,0.0,0.0,0.9999999999999991
